datetime_from,wind_mwh,pv_mwh,load_mwh,price_eur_mwh,total_renewable_mwh,renewable_surplus_mwh,renewable_ratio,is_negative_price,is_surplus_renewable,golden_hour,price_abs,price_log,hour,day_of_week,month,is_weekend,hour_sin,hour_cos,day_sin,day_cos,month_sin,month_cos,price_rolling_mean_3h,price_rolling_std_3h,renewable_rolling_mean_3h,load_rolling_mean_3h,price_rolling_mean_6h,price_rolling_std_6h,renewable_rolling_mean_6h,load_rolling_mean_6h,price_rolling_mean_12h,price_rolling_std_12h,renewable_rolling_mean_12h,load_rolling_mean_12h,price_rolling_mean_24h,price_rolling_std_24h,renewable_rolling_mean_24h,load_rolling_mean_24h,price_eur_mwh_lag_1h,price_eur_mwh_lag_2h,price_eur_mwh_lag_3h,price_eur_mwh_lag_6h,price_eur_mwh_lag_12h,price_eur_mwh_lag_24h,total_renewable_mwh_lag_1h,total_renewable_mwh_lag_2h,total_renewable_mwh_lag_3h,total_renewable_mwh_lag_6h,total_renewable_mwh_lag_12h,total_renewable_mwh_lag_24h,load_mwh_lag_1h,load_mwh_lag_2h,load_mwh_lag_3h,load_mwh_lag_6h,load_mwh_lag_12h,load_mwh_lag_24h,price_state,renewable_surplus_state,load_state,renewable_ratio_state,hour_state,combined_state,state_id
2025-06-28 14:00:00,0.32681446190494484,0.7663415139583765,0.030305537742289154,-1.059561870929544,0.8847297947718503,1.063280615981473,1.079102883789874,1,1,1,-0.9988009592326138,-1.9137502580802093,14,5,6,1,-0.1765567128029319,-0.6123724356957946,-0.2469796037174669,-2.2469796037174663,0.0,0.0,-1.1030163385002096,-0.45322423989817157,0.807099663625359,0.031066313146192143,-0.966268769579777,0.4833634092751204,0.5835682513717984,0.09662612381978739,-0.22023698575422718,0.495166751769817,0.0,0.0,0.0,-0.37780233894624976,0.0,-0.05260653810029785,0.0,0.0,0.0,0.0,0.0,0.0,0.0,0.0,0.0,0.0,0.0,0.0,0.0,0.0,0.0,0.0,0.0,0.0,0,9,5,9,14,0_9_5_9_14,0
2025-06-28 15:00:00,0.46075229569293424,0.6741096539269961,0.0033925653172255437,-1.034931912374186,0.8139059627417408,0.987322103679658,1.006799384858593,1,0,0,-1.0237410071942445,-2.357780521115002,15,5,6,1,-0.3281693992235347,-0.5000000000000001,-0.2469796037174669,-2.2469796037174663,0.0,0.0,-1.1030163385002096,-0.45322423989817157,0.807099663625359,0.031066313146192143,-0.966268769579777,0.4833634092751204,0.5835682513717984,0.09662612381978739,-0.22023698575422718,0.495166751769817,0.0,0.0,0.0,-0.37780233894624976,0.0,-0.05260653810029785,-1.070405584306174,0.0,0.0,0.0,0.0,0.0,0.8750197266672979,0.0,0.0,0.0,0.0,0.0,0.04612027057777042,0.0,0.0,0.0,0.0,0.0,1,8,5,8,15,1_8_5_8_15,1
2025-06-28 16:00:00,0.5680255119683406,0.522869238284141,0.0,-1.0348134991119005,0.6746964185675849,0.8143346331228598,0.8408751246571387,1,0,0,-1.023860911270983,-2.360897902058378,16,5,6,1,-0.4445059052340546,-0.35355339059327395,-0.2469796037174669,-2.2469796037174663,0.0,0.0,-1.0776288227901132,-0.398835615139595,0.6904752145720446,0.03805255109914025,-0.966268769579777,0.4833634092751204,0.5835682513717984,0.09662612381978739,-0.22023698575422718,0.495166751769817,0.0,0.0,0.0,-0.37780233894624976,0.0,-0.05260653810029785,-1.0453724876639787,-1.078706528370958,0.0,0.0,0.0,0.0,0.8041931004008459,0.8798754703961358,0.0,0.0,0.0,0.0,0.019207298152706814,0.08947997609085476,0.0,0.0,0.0,0.0,1,8,4,8,16,1_8_4_8_16,2
2025-06-28 17:00:00,0.7588273715756714,0.3672474022321561,0.050909166132268674,-0.9878034339846062,0.5479694169816234,0.6310247223926684,0.6695942986859221,0,0,0,-1.0002398081534771,-1.9323630552555893,17,5,6,1,-0.5176380902050411,-0.18301270189221913,-0.2469796037174669,-2.2469796037174663,0.0,0.0,-0.810599078341014,1.2663742910772047,0.5173584070433735,0.07987177868496036,-0.966268769579777,0.4833634092751204,0.5835682513717984,0.09662612381978739,-0.22023698575422718,0.495166751769817,0.0,0.0,0.0,-0.37780233894624976,0.0,-0.05260653810029785,-1.0452521362378142,-1.0533251982916414,-1.109375,0.0,0.0,0.0,0.6649780639459647,0.8078537098107182,0.833540686754531,0.0,0.0,0.0,0.01581473283548127,0.05059772863120143,0.188442667635835,0.0,0.0,0.0,2,7,5,6,17,2_7_5_6_17,3
2025-06-28 18:00:00,0.8587236331501902,0.12856360460641228,0.12672472642270535,-0.28016577856719954,0.3140203728982065,0.30131034619267233,0.3700607383404578,0,0,0,-0.2836930455635492,-0.19733900960361983,18,5,6,1,-0.5425821165873708,0.0,-0.2469796037174669,-2.2469796037174663,0.0,0.0,-0.40829493087557606,1.8148461501587687,0.29045171480021104,0.1361614971311537,-0.6635789132548339,0.7624584855622966,0.3536541626582553,0.10758235974406762,-0.22023698575422718,0.495166751769817,0.0,0.0,0.0,-0.37780233894624976,0.0,-0.05260653810029785,-0.9974726200505475,-1.0532031726662598,-1.0832705823293174,0.0,0.0,0.0,0.5382460625572073,0.6662895473766138,0.7614940683543897,0.0,0.0,0.0,0.06672389896774994,0.04569635385534967,0.1293385426131201,0.0,0.0,0.0,3,6,6,6,18,3_6_6_6_18,4
2025-06-28 19:00:00,0.6557421139585815,-0.10860297818171052,0.1660081504313109,0.10230905861456484,0.019489178377269465,-0.08691435244749708,0.019535421365423185,0,0,0,0.10359712230215827,0.05892803062427532,19,5,6,1,-0.5176380902050411,0.18301270189221913,-0.2469796037174669,-2.2469796037174663,0.0,0.0,0.035860913280268004,0.6694712813547088,0.03222474525974079,0.15063900228666063,-0.3263476288214323,0.862646011037682,0.11694560739581202,0.10152062529315069,-0.22023698575422718,0.495166751769817,0.0,0.0,0.0,-0.37780233894624976,0.0,-0.05260653810029785,-0.2782524972920929,-1.0047589993898718,-1.0831450803212852,0.0,0.0,0.0,0.3042877884038759,0.5374190597693955,0.619881046024433,0.0,0.0,0.0,0.14253945925818665,0.1192468619246862,0.12188806105760494,0.0,0.0,0.0,6,4,6,5,19,6_4_6_5_19,5
2025-06-28 20:00:00,0.32908133860990507,-0.2493783119689748,0.09360584183198527,0.2676139727649496,-0.19767707930596431,-0.3246669701708201,-0.22139017636987565,0,0,0,0.2709832134292565,0.1437630950688655,20,5,6,1,-0.44450590523405475,0.353553390593274,-0.2469796037174669,-2.2469796037174663,0.0,0.0,0.29195643066610794,0.20538872536894245,-0.1805875489464724,0.09694457303985522,0.0,0.6075766169860587,-0.09814769500990514,0.08076822548363166,-0.22023698575422718,0.495166751769817,0.0,0.0,0.0,-0.37780233894624976,0.0,-0.05260653810029785,0.11048260921891932,-0.27553386211104336,-1.0333207831325302,-1.1591686398316234,0.0,0.0,0.00974497364517249,0.29951295444880405,0.49096607965582006,0.7869969736134413,0.0,0.0,0.18182288326679216,0.22878063359234907,0.23369071415591497,0.3109048723897912,0.0,0.0,7,2,6,3,20,7_2_6_3_20,6
2025-06-28 21:00:00,0.15011334383524802,-0.31133988572781907,-0.03162946567096254,0.4436944937833037,-0.3004884130127745,-0.3937075671502939,-0.3289225038007021,0,0,0,0.4492805755395683,0.2230196392416994,21,5,6,1,-0.3281693992235351,0.5000000000000001,-0.2469796037174669,-2.2469796037174663,0.0,0.0,0.39589442815249243,-0.129829428055463,-0.3043684982826038,0.0,0.27149724532786007,-0.1802211875309524,-0.2835726089477795,0.022428059421467774,0.026734123285847643,0.267839998343421,-0.21260958307512967,-0.08464198733560617,0.0,-0.37780233894624976,0.0,-0.05260653810029785,0.2784932001444217,0.11860890787065281,-0.28332078313253023,-1.131807419100237,0.0,0.0,-0.2074298519710886,0.0,0.25297786268120015,0.7149416798452288,0.0,0.0,0.10942057466746653,0.28553496712492527,0.4001908050154461,0.24382572828048465,0.0,0.0,9,1,4,1,21,9_1_4_1_21,7
2025-06-28 22:00:00,0.0,-0.31754936499008257,-0.11989822304048324,0.3960923623445826,-0.33793604077735784,-0.39844817006789257,-0.3655993146344038,0,0,0,0.4010791366906475,0.20256494450022614,22,5,6,1,-0.17655671280293242,0.6123724356957946,-0.2469796037174669,-2.2469796037174663,0.0,0.0,0.37289484708839526,0.02425582624510716,-0.3484578957867095,-0.12876843006046282,0.358836556119693,-0.5032983684353373,-0.4170635971454525,-0.07231115710024955,0.2606044468113435,-0.04511342402812887,-0.4108680987399663,-0.17244276668290284,0.0,-0.37780233894624976,0.0,-0.05260653810029785,0.4574557708508846,0.28895668090298954,0.1220507028112449,-1.1316758747697975,0.0,0.0,-0.31024524192784775,-0.22083945149202833,-0.046638466601383786,0.5733116054298352,0.0,0.0,-0.01581473283548127,0.18093245666467425,0.48646192985644193,0.23536994070636763,0.0,0.0,9,1,3,1,22,9_1_3_1_22,8
2025-06-28 23:00:00,0.0632420179044838,-0.31758637023002456,-0.2861546099584204,0.20260509177027825,-0.324987967207682,-0.30266621800835297,-0.33108556823516844,0,0,0,0.20515587529976018,0.1117598872873663,23,5,6,1,0.0,0.6830127018922194,-0.2469796037174669,-2.2469796037174663,0.0,0.0,0.2522832006702973,0.11449127890190391,-0.35328901167064247,-0.2606722500455927,0.3436858593496816,-0.460382801623519,-0.48355685463461723,-0.20103618780277338,0.4904273731859944,-0.504833248230183,-0.5850887570545572,-0.2657890891378468,0.0,-0.37780233894624976,0.0,-0.05260653810029785,0.40907449753279584,0.4704087858450274,0.2972515060240962,-1.0794527755853724,0.0,0.0,-0.3476943471262191,-0.325389756798177,-0.2675541393093927,0.44438111599007796,0.0,0.0,-0.10408349020500196,0.0,0.32745775031800833,0.3622583139984532,0.0,0.0,7,2,2,1,23,7_2_2_1_23,9
2025-06-29 00:00:00,0.11461174933722673,-0.31758637023002456,-0.42063672658819634,0.10278271166370624,-0.3144385617459779,-0.22509451515211495,-0.3005918203825441,0,0,0,0.10407673860911261,0.05918832571745912,0,6,6,1,0.18946869098150662,0.7071067811865478,0.0,0.0,0.0,0.0,0.12484289903644728,-0.16005413313684547,-0.33791852137249595,-0.41590561564468365,0.29148212163767967,-0.4086492812016875,-0.5003251422078161,-0.3364280522605294,0.7096525096525098,-1.2401176651886339,-0.7360255849125287,-0.3681831466147103,0.0,-0.37780233894624976,0.0,-0.05260653810029785,0.21242026718016616,0.4213544844417328,0.48387299196787137,-0.29334385687976855,0.0,0.0,-0.3347457627118644,-0.3634707812788356,-0.3721405294334837,0.20636424207881449,0.0,0.0,-0.2703398771229391,-0.12752540346682606,0.05242594948210067,0.551224542407837,0.0,0.0,6,3,1,2,0,6_3_1_2_0,10
2025-06-29 01:00:00,0.21631382794790024,-0.31758637023002456,-0.5777083635009619,0.03587921847246893,-0.2935527904242644,-0.12375051958591476,-0.24962614748260428,0,0,0,0.03633093525179857,0.02130403357194542,1,6,6,1,0.3789373819630127,0.6830127018922195,0.0,0.0,0.0,0.0,0.06686217008797626,-0.35397500812671334,-0.32116810261202694,-0.5523757417617103,0.19144971373015007,-0.49432140943923114,-0.49364799501225143,-0.4594458149685101,0.7726534416189594,-1.3938837989138204,-0.8370753001301491,-0.46629322942036056,0.0,-0.37780233894624976,0.0,-0.05260653810029785,0.11096401492357683,0.2219646125686394,0.43342118473895574,0.13154433043935806,0.0,0.0,-0.3241959410409368,-0.3503037013857128,-0.4102346973175156,-0.09328816498221898,0.0,0.0,-0.4048219937527151,-0.36772265391512254,-0.14142286025804107,0.6491363753544728,0.0,0.0,5,4,0,3,1,5_4_0_3_1,11
2025-06-29 02:00:00,0.2987666653859454,-0.31758637023002456,-0.6886287002751288,0.03872113676731789,-0.2766200872673331,-0.04944478533679064,-0.2073445170558955,0,0,0,0.03920863309352513,0.022960849872703203,2,6,6,1,0.5554940947659454,0.6123724356957948,0.0,0.0,0.0,0.0,0.03229995810640945,-0.43472305590985716,-0.30545058079959336,-0.6614690739727561,0.09819595981419467,-0.6846503681040766,-0.4806959384039875,-0.5759256408144855,0.7191053122087606,-1.320567801827814,-0.8573690239396317,-0.5486775450560155,0.0,-0.37780233894624976,0.0,-0.05260653810029785,0.04296545914069091,0.11909701037217804,0.22835090361445773,0.31518021573270183,-2.7668521954236245,0.0,-0.30330934570589907,-0.33957586115591076,-0.3970630728974363,-0.31423043886618873,1.3498096486300943,0.0,-0.5618936306654807,-0.5620143454871488,-0.506541886243867,0.46867749419953597,0.4729985017262719,0.0,5,4,0,3,2,5_4_0_3_2,12
2025-06-29 03:00:00,0.3356130172513159,-0.31758637023002456,-0.742371899629714,0.005091770278271079,-0.26905323622935684,-0.01424160250192989,-0.18671241985273915,0,0,0,0.005155875299760103,0.003067918275138463,3,6,6,1,0.7071067811865482,0.5000000000000002,0.0,0.0,0.0,0.0,0.015081692501047017,-0.4031393924625833,-0.29970406682679296,-0.7344247576561027,0.04904396672788142,-0.7830461206360321,-0.47039697517187284,-0.6681191436949729,0.5554253761150313,-1.0840242968782863,-0.7822711232256173,-0.5935557720409159,-0.02645723463722486,-0.15296073021619677,0.030167749754217058,-0.06797188730269468,0.04585389336863644,0.050152532031726656,0.12255271084337331,0.5107866350960274,-2.7025355596784175,0.0,-0.2863759744973645,-0.31833682369272,-0.3863315300274509,-0.4188294225782887,1.256443861948449,0.0,-0.6728139674396475,-0.7889420203227735,-0.8018807922951118,0.1565351894818252,0.38824832258484787,0.0,5,4,0,4,3,5_4_0_4_3,13
2025-06-29 04:00:00,0.29638452376378377,-0.31744575031824507,-0.7928673382842721,-0.012788632326820584,-0.2769593725589212,0.0,-0.18946279457441476,0,0,0,-0.012949640287769763,-0.007772538503655624,4,6,6,1,0.8234432871970682,0.353553390593274,0.0,0.0,0.0,0.0,-0.0031839128613323562,-0.4696270379662621,-0.2996630788526646,-0.7785657169311055,0.025602246948255337,-0.8406428718416407,-0.45414992072563687,-0.7176155506940742,0.23091465850086573,-0.5854746747253539,-0.635266213383833,-0.6132415976619585,-0.04471930290498421,-0.014352993514010185,0.07124263428327568,-0.08541413474077601,0.011674088337946791,0.05308114704087851,0.05164407630522082,0.45790581425940546,-2.7022263450834885,0.0,-0.2788088249218824,-0.30111771738519927,-0.3650851620567319,-0.4569281775051978,1.0729264182737315,0.0,-0.7265571667942327,-0.949193066347878,-1.1468290023623477,-0.06346996648620779,0.37756497948016415,0.0,4,4,0,3,4,4_4_0_3_4,14
2025-06-29 05:00:00,0.2126253505974565,-0.3008822049202167,-0.8188080511367163,-0.01290704558910602,-0.2765017319330582,0.0129846994319194,-0.18398904937766397,0,0,0,-0.013069544364508433,-0.00784495998377551,5,6,6,1,0.8965754721680542,0.18301270189221944,0.0,0.0,0.0,0.0,-0.004985337243401868,-0.482000943227392,-0.2888914392517235,-0.766438000645315,-0.013557307983147759,-0.7383113319875994,-0.41120265745095214,-0.7100070535244347,-0.08819065370789483,-0.32747849117637995,-0.44372315945935403,-0.6102459814905021,-0.04685662252911948,0.0,0.11328827854002547,-0.1030831770010335,-0.006498977012877507,0.01842586943258073,0.054656124497991836,0.24296237832149434,-2.5794681508967225,0.0,-0.28671527317488876,-0.29342287910518416,-0.34786011269324,-0.443754967046905,0.9058644864673698,0.0,-0.7770526054487908,-1.0268380155409444,-1.390423405415228,-0.47785511729827274,0.5378802683864243,0.0,4,5,0,4,5,4_5_0_4_5,15
2025-06-29 06:00:00,-0.07403849848234526,-0.2095014654075017,-0.706605159181647,0.0,-0.23794945438190898,0.007660180914867085,-0.14716083770977226,0,0,0,0.0,0.0,6,6,6,1,0.9215194985503841,1.7319121124709868e-16,0.0,0.0,0.0,0.0,-0.04851277754503577,-0.19766308993252285,-0.22461683075518973,-0.6785769398033188,-0.12736307659068807,-0.3977948057912986,-0.3073012861553107,-0.6405924960525328,-0.36447876447876437,-0.14385994063676535,-0.23090701346125805,-0.587674135411593,-0.05060009358677635,0.02354056329993202,0.16413877535877858,-0.1126812817851711,-0.006619328439041968,0.0,0.019013554216867297,0.1320705077611154,-0.7316017316017318,0.0,-0.286257614493577,-0.30146274141652424,-0.3401626185927793,-0.433022131956876,0.5974536603632279,0.0,-0.802993318301235,-1.0997907949790795,-1.5084499363983281,-0.8130445991234855,0.7766269298417041,0.0,4,5,0,4,6,4_5_0_4_6,16
2025-06-29 07:00:00,-0.44784262496638105,0.0,-0.5337498189942285,-0.13582001184132622,-0.09136242770461665,0.10882603273886107,0.026611466877110544,0,0,0,-0.13752997601918462,-0.08794266605476457,7,6,6,1,0.8965754721680542,-0.18301270189221913,0.0,0.0,0.0,0.0,-0.20678676162547147,0.48223189769043906,-0.055257254188287745,-0.4984498407755001,-0.35645997623420095,0.19766758402111959,-0.14341452949911343,-0.5465156663432312,-0.6320063906270806,0.0,-0.010949279413188044,-0.5474963468095472,-0.03199656005362249,0.059450472317814314,0.25816025573644674,-0.11658116666214753,0.006498977012877678,-0.0001220256253813925,6.275100401600718e-05,0.0577479610628782,0.2671614100185529,0.0,-0.2477038159265221,-0.30099736016496964,-0.34820525580723355,-0.4117732056417625,0.2091784726122865,0.0,-0.6907904263461658,-1.1372683801554095,-1.61934399418499,-1.2045372518690385,0.9003322259136213,0.0,3,5,1,5,7,3_5_1_5_7,17
2025-06-29 08:00:00,-0.4761209513197833,0.2904985345924983,-0.2875819697565214,-0.4602723505032563,0.21253461893527542,0.37223134933987845,0.36847721334419914,0,0,0,-0.4660671462829736,-0.3677727454044553,8,6,6,1,0.8234432871970682,-0.3535533905932735,0.0,0.0,0.0,0.0,-0.56036866359447,1.3229445037928313,0.20117170955375036,-0.32627695242904997,-0.5868531921788914,0.4076810901798416,0.0658731409072472,-0.425631863312006,-0.9236320063906273,0.16185099858858323,0.21282192398195535,-0.49423283000487106,-0.02300464139823702,0.10683851491587222,0.33001502513463904,-0.11980682997537308,-0.13154410879768916,0.013178767541183627,-6.275100401618553e-05,0.06090502499342273,0.6988249845392701,0.0,-0.10111100590221886,-0.2617930016288344,-0.3477397139325446,-0.39454608215395237,-0.07710790738313675,0.0,-0.5179350861587473,-0.9751643753735804,-1.6763129202253317,-1.4810002577984016,0.6723340498990293,0.0,3,6,2,6,8,3_6_2_6_8,18
2025-06-29 09:00:00,-0.4091136127867215,0.5495796204742591,-0.1988374257876337,-0.9994079336885732,0.502505187908819,0.6934838977850795,0.7092920817038186,0,0,0,-1.0119904076738608,-2.1095555179862164,9,6,6,1,0.7071067811865482,-0.49999999999999983,0.0,0.0,0.0,0.0,-0.8742354419773773,0.8265513646619181,0.4781192531444607,-0.17732138097442568,-0.8179215728637784,0.40351106489929994,0.3024962206408317,-0.3002545713641229,-1.2263080814804956,0.23764262485925305,0.4324792028693467,-0.4399512907939599,-0.019223229755536145,0.13194520604462906,0.375850960557476,-0.1162927428122068,-0.46130701648814526,-0.12678462477120195,0.013616967871485863,0.02354643514864499,1.1586270871985158,0.0,0.20279803048953698,-0.1127265724670823,-0.3085218242820221,-0.38684766117314623,-0.2126422434417192,0.0,-0.2717672369210401,-0.725433353257621,-1.429901871706342,-1.6149523072956948,0.2779623477297896,0.0,1,7,3,7,9,1_7_3_7_9,19
2025-06-29 10:00:00,-0.4519921619856303,0.7509103289025726,-0.09445398316129165,-1.022972172883363,0.7083408949241342,0.9017240355495735,0.9225313390893448,0,0,0,-1.0358513189448442,-2.7941381681995106,10,6,6,1,0.5554940947659454,-0.6123724356957945,0.0,0.0,0.0,0.0,-1.0744030163385003,-0.45187441666784134,0.6945494192004067,-0.1118289073131037,-1.065815058874365,0.1887658020048831,0.5414573074873209,-0.1916911630438285,-1.4986286779390232,0.1869363101957851,0.6403335052283529,-0.38661471018022386,-0.026545762668993694,0.07404664179904563,0.4137105899374883,-0.11256172147130708,-1.0092670598146587,-0.46113483831604635,-0.13033383534136553,0.003683241252302041,1.034322820037106,0.0,0.4927800397689613,0.1963106500092274,-0.1594039458687172,-0.39489126682775283,-0.26200877904678693,0.0,-0.18302269295215243,-0.3697848176927675,-1.0502907504997274,-1.7408094869811808,0.0,0.0,1,8,4,8,10,1_8_4_8_10,20
2025-06-29 11:00:00,-0.28820071464248664,0.840500014802096,-0.09443329678740614,-1.0260509177027828,0.8374902356849223,1.0637061815878546,1.081840919519324,1,1,1,-1.0327338129496402,-2.649685581062638,11,6,6,1,0.37893738196301285,-0.6830127018922192,0.0,0.0,0.0,0.0,-1.1053623795559278,-0.36143107585824324,0.8277220796751567,-0.07132135291724494,-1.3224316733282917,-0.15624721873582897,0.7581428011168799,-0.12099479757817098,-1.7329516708827062,0.01865659875708453,0.8243767361035874,-0.3281807111544083,-0.03427299515625185,0.016203307855409424,0.4723395309437388,-0.1037364446953431,-1.0332169936213742,-1.0167175106772424,-0.4742093373493976,0.0035516969218626158,0.5290661719233148,0.0,0.6986238676892971,0.49118583957184925,0.1497399386768979,-0.3944256688956499,-0.24493956604048348,0.0,-0.07863925032581039,-0.24157202630005978,-0.5096765400690533,-1.805465326114978,-0.5235489544655071,0.0,1,9,4,9,11,1_9_4_9_11,21
2025-06-29 12:00:00,-0.15775925000960542,0.8618594392966044,-0.07937361659874641,-1.086915334517466,0.8870495593236387,1.1186635260584707,1.1353835126244518,1,1,1,-0.9711031175059951,-1.6338895832834215,12,6,6,1,0.1894686909815067,-0.7071067811865475,0.0,0.0,0.0,0.0,-1.189568496020109,0.0,0.9040580826918715,-0.08177966696126665,-1.5156098087933452,-0.5353395127702693,0.9091009650354805,-0.11060785626564257,-1.960058580748237,-0.2458133550160869,0.9871930987760786,-0.24475158304919664,-0.03743471057657023,-0.0020987007968092967,0.517507682604851,-0.0967686668162201,-1.0363461307016488,-1.0410006101281268,-1.0456199799196788,0.01789002893975269,0.2683982683982682,0.0,0.827778303822239,0.7005030931805599,0.44471690238068484,-0.35520305689125076,-0.23103247415174022,0.0,-0.07861856395192486,-0.09076509264793783,-0.31478284572051607,-1.525805620005156,-0.9470392808286106,0.0,0,9,4,9,12,0_9_4_9_12,22
2025-06-29 13:00:00,0.02374457294348177,0.8660262293140709,-0.12529736662460436,-1.2609828300769688,0.9287658694777373,1.1929593634330278,1.2106261129926046,1,1,1,-0.7948441247002397,-0.8882401127126337,13,6,6,1,5.689177632308852e-16,-0.6830127018922193,0.0,0.0,0.0,0.0,-1.2890657729367407,-0.02413576959739517,0.9337497711504777,-0.12692367044035724,-1.5627093010694604,-0.5637505287187824,0.9863792230777223,-0.12627240926195804,-1.9838902942351226,-0.3245605835276964,1.110207819634456,-0.15434729663906482,-0.03280595920122414,0.021693240502513,0.5303748863840118,-0.09168796976726445,-1.0982067637501505,-1.0441732763880416,-1.0705948795180722,-0.132991318074191,0.09369202226345089,0.0,0.8773395827415333,0.8318368918951448,0.6541064003981185,-0.206067222708335,-0.20349913665772118,0.0,-0.06355888376326514,-0.09073520621637776,-0.08554424859167727,-1.0949729311678267,-1.4416650381082665,0.0,0,9,3,9,13,0_9_3_9_13,23
2025-06-29 14:00:00,0.19310715795135822,0.8282068740933716,-0.2275707991146232,-1.3072824156305507,0.9232268398336713,1.2349419053462916,1.2591701109358024,1,1,1,-0.7479616306954435,-0.7819827131763298,14,6,6,1,-0.1765567128029319,-0.6123724356957946,0.0,0.0,0.0,0.0,-1.331168831168831,-0.2996292834353104,0.9265714106147923,-0.19811876604520012,-1.5699740736739758,-0.5807387259243934,0.9906295356499992,-0.16125001342675968,-1.911409932099588,-0.07688189779016684,1.1472880310508853,-0.07833658061373573,-0.03329918680679379,0.01962019181185204,0.5006770585361922,-0.08336065553564284,-1.2751233602118184,-1.1068944478340452,-1.0738579317269077,-0.4934227834780321,0.10111317254174386,-3.566430469441983,0.9190575387431745,0.8822344719126367,0.7854855280689644,0.1031138868597025,-0.18117705797915495,1.908188489012593,-0.10948263378912311,-0.06897788404064555,-0.08549881882609486,-0.4814127352410415,-1.7909582437626212,4.551608579088472,0,9,3,9,14,0_9_3_9_14,24
2025-06-29 15:00:00,0.3385714834594844,0.7468101483170017,-0.28934031153679074,-1.2059206631142687,0.8663215951142919,1.1931177134261,1.2201289833854518,1,1,1,-0.8505995203836929,-1.0438407002811074,15,6,6,1,-0.3281693992235347,-0.5000000000000001,0.0,0.0,0.0,0.0,-1.258232090490155,0.02153257768787932,0.8571651077573841,-0.256183101160164,-1.5692448957545637,-0.578739852478648,0.9429157546483601,-0.16397475053080474,-1.7397683397683408,0.33883157563746225,1.0828981789239374,-0.02651485630784219,-0.03915468376522362,-0.003773586294019704,0.43184586561470073,-0.07073533290768277,-1.322180767842099,-1.2862721171446003,-1.1383659638554218,-1.0923441199684294,0.013296227581941641,-3.4743135518157655,0.9135182905659186,0.9246563801362444,0.8359005024641613,0.39812636970081317,-0.1712018140589569,1.7334799618506336,-0.21175606627914192,-0.1353257621040048,-0.05242594948210067,-0.26022170662541894,-1.9601980327014528,3.6796246648793565,0,9,2,9,15,0_9_2_9_15,25
2025-06-29 16:00:00,0.35313328466592386,0.6145904260043222,-0.2965391696489522,-1.054825340438129,0.7283508367722134,1.023505077096653,1.0441633790674603,1,1,1,-1.0035971223021583,-1.9780777844429291,16,6,6,1,-0.4445059052340546,-0.35355339059327395,0.0,0.0,0.0,0.0,-1.1576036866359445,-0.10164147435434062,0.7496809769347007,-0.21637697627765365,-1.3455223074430156,0.3390414384911938,0.8466837170793512,-0.13963114005721627,-1.4306750099853551,0.7024833988372163,0.9447379178746265,0.000543107647345632,-0.04255668955748642,-0.01668762016401781,0.3419733010158965,-0.056799777149435904,-1.2191599470453724,-1.3339841366687004,-1.3228539156626504,-1.1185214417258618,-0.03339517625231906,-3.473870682019485,0.8566108007448789,0.9190236622294972,0.8783370523172748,0.6075410809899575,-0.1816243316898625,1.3900772719310197,-0.27352557870130945,-0.2830842797369994,-0.15328002907504998,-5.155968032998195e-05,-2.1192104748876295,3.56970509383378,0,8,2,8,16,0_8_2_8_16,26
2025-06-29 17:00:00,0.5946517078418565,0.45973829894313034,-0.11017562731428808,-1.0228537596210774,0.6128597015867505,0.7894835810850933,0.8113031991529771,0,0,0,-1.0357314148681054,-2.787918877249591,17,6,6,1,-0.5176380902050411,-0.18301270189221913,0.0,0.0,0.0,0.0,-0.7684541265186426,1.754839467972625,0.5999628375701236,-0.09749168806026683,-1.0153937560764823,0.8377754872598305,0.6730209063087643,-0.09858106003372821,-1.12783916921848,0.9109830591258414,0.7668915746883862,0.014985387238188022,-0.04103906615573343,-0.010839115310609847,0.25472240600016094,-0.03601846898704095,-1.065591527259598,-1.229530201342282,-1.3719252008032128,-1.121941594317285,-0.0337043908472481,-3.2980513728963676,0.7186345989963072,0.8611559107430855,0.872702390316729,0.7389360284496391,-0.18102103226611746,1.0774665706444517,-0.280724436813471,-0.3723251643753736,-0.377884790114483,0.0,-2.2008989642368575,5.21916890080429,1,8,4,8,17,1_8_4_8_17,27
2025-06-29 18:00:00,1.0345794751604103,0.20722934367506438,0.061273039448915,-0.10597986974541151,0.4340011204304978,0.48311593198867797,0.5308795493357603,0,0,0,-0.10731414868105518,-0.06753291503355642,18,6,6,1,-0.5425821165873708,0.0,0.0,0.0,0.0,0.0,-0.32928361960620023,2.1427099411171815,0.38622968021182585,0.04099154076006902,-0.6481311439991355,0.994454355881683,0.4473537781859744,-0.03278277651068948,-0.8582079616562377,0.9724330475546903,0.5646274717131577,0.006181198246468584,-0.025723716659710783,0.057453487929246566,0.16760135782698085,0.0,-1.03309664219521,-1.0738255033557047,-1.2644954819277108,-1.1895553801631151,0.0,-0.6514614703277235,0.6031389073004451,0.7208514872140513,0.8148146661743695,0.7893570734761702,-0.13019825667269966,0.5003600833057594,-0.09436089447880681,-0.38272564255827857,-0.513538070143558,0.03753544728022686,-1.8475669337502443,7.6756032171581765,3,6,6,6,18,3_6_6_6_18,4
2025-06-29 19:00:00,0.9138586852115111,-0.07231563989460908,0.11187190997290085,0.18650088809946713,0.11118300101785587,0.05399734763761604,0.13718737143954243,0,0,0,0.18884892086330934,0.10357208311235268,19,6,6,1,-0.5176380902050411,0.18301270189221913,0.0,0.0,0.0,0.0,0.1397989107666527,0.3737300962027667,0.1257866275368141,0.13008711754555785,-0.28753915955493115,0.91108068999178,0.20977370772732287,0.022660789923126902,-0.5809346292104914,0.941231777473235,0.3476757337678377,-0.023957622990745258,0.010332485993600779,0.25201037936192555,0.10758738383344986,0.06610452776141186,-0.10121554940426039,-1.0408785845027455,-1.1043549196787148,-1.3829255459089713,-0.3546691403834261,0.779007971656333,0.4242732695767446,0.6034069117139671,0.6744618175396915,0.8317987332525226,0.06304478978135597,-0.22619070790431517,0.07708777228439627,-0.11347878063359235,-0.5293476285662366,-0.07692704305233307,-1.303237574099407,8.948391420911529,7,5,6,5,19,7_5_6_5_19,28
2025-06-29 20:00:00,0.5413608944557575,-0.23540513336688476,0.15258269377960737,0.3030195381882771,-0.13918587310730093,-0.2795174283961125,-0.1614472357735576,0,0,0,0.30683453237410074,0.16052734540337882,20,6,6,1,-0.44450590523405475,0.353553390593274,0.0,0.0,0.0,0.0,0.3100125680770842,-0.11257148115419054,-0.11184525126994399,0.11981818947014014,0.02687155665982519,0.5765430627336895,-0.0008245874548739486,0.07887057677779206,-0.29034749034749024,0.7305782400557342,0.11696661625375741,-0.0607671699951291,0.056847643257325525,0.4508475029119295,0.06906615387469023,0.14779010632239817,0.19605247322180774,-0.09603416717510682,-1.07046937751004,-1.4343593791107605,-1.2019171304885592,1.3972542072630643,0.10144241391282391,0.4215230805029327,0.5569767068530974,0.8261633927639659,0.4636668122906655,-0.7618973470619148,0.12768664280838213,0.13421996413628212,-0.12007087043430856,-0.33183810260376384,-0.5280437756497948,6.6025469168900806,8,3,6,4,20,8_3_6_4_20,29
2025-06-29 21:00:00,0.37099934683213587,-0.30857189378015926,0.030988188080511368,0.37513321492007096,-0.25217576556175386,-0.3630668434908256,-0.27797208254808903,0,0,0,0.37985611510791356,0.19334207328952924,21,6,6,1,-0.3281693992235351,0.5000000000000001,0.0,0.0,0.0,0.0,0.35856723921240047,-0.3569433621069346,-0.241471085716784,0.0914523799503388,0.29961110510964684,-0.42367220196796374,-0.18778973690297016,0.06865191752030998,0.0,0.37649639908488797,-0.11877079171379343,-0.0901022893326839,0.13399349951309558,0.6221976610537502,0.029234089124399478,0.2335789455519866,0.31447827656757743,0.2053691275167785,-0.09870732931726918,-1.32175743225467,-2.6097711811997533,2.055801594331266,-0.14893633809929616,0.09324475041924432,0.37503009969017387,0.7682686981721267,0.8459298092325616,-1.0155127780913638,0.16839742661508864,0.20732217573221756,0.25645102671270215,-0.48579530806909,-0.24858315419190932,2.5449061662198393,8,2,5,2,21,8_2_5_2_21,30
2025-06-29 22:00:00,0.3638913436047182,-0.31746795346221024,0.02821621397985147,0.3237418590882179,-0.2631196888043744,-0.3754676273232913,-0.29070791829618126,0,0,0,0.3278177458033573,0.17013456780211572,22,6,6,1,-0.17655671280293242,0.6123724356957946,0.0,0.0,0.0,0.0,0.312568077084206,-0.07101372855744308,-0.2858555966346141,-0.01766199514610736,0.3571081343847901,-0.6427093765293638,-0.34327810385109153,0.0,0.26515776860604456,-0.05200336653870905,-0.34762084292117545,-0.11590355577204123,0.2475370236875719,0.4313776012682122,0.013213462025980305,0.3135524697216582,0.3877722951016969,0.32544234289200735,0.21128263052208826,-1.153906866614049,-2.6713048855906,1.8777679362267492,-0.261930688381782,-0.16135891325453947,0.046638466601383786,0.6278989491936325,1.117279327633194,-1.1078887439905016,0.046802920915992634,0.2661386730424387,0.367572233327276,-0.5037380768239237,0.08012507328512801,-0.31501340482573725,8,1,5,2,22,8_1_5_2_22,31
2025-06-29 23:00:00,0.3439120912898144,-0.31758637023002456,-0.16921453838356673,0.17300177619893428,-0.2673489194157981,-0.28631658122364956,-0.2716626354656927,0,0,0,0.1751798561151079,0.09662516276305678,23,6,6,1,0.0,0.6830127018922194,0.0,0.0,0.0,0.0,0.2315458734813573,-0.11023891141864718,-0.30173160528034404,-0.14188516196007442,0.32170249540887974,-0.5436397276338183,-0.4372978336143411,-0.09516529236321732,0.5026760750898684,-0.5382097479098952,-0.5520473563557101,-0.13327569410618612,0.3419458461382805,0.12523182265363603,0.01169858219614222,0.38449857390429765,0.33553977614634745,0.3997559487492372,0.3347766064257027,-1.1183898973954223,-2.6793444650587515,1.154118689105403,-0.2728750433986681,-0.2762599395004373,-0.20805307177371454,0.5103996917420588,1.2875345856997233,-1.0759483815715203,0.04403094681533274,0.09046622833233713,0.4569780119934581,-0.03923691673111627,0.08019021562113217,-5.701742627345845,7,2,3,3,23,7_2_3_3_23,32
2025-06-30 00:00:00,0.19456718023590885,-0.31758637023002456,-0.3353674934320763,0.14612196566015398,-0.2980187317042379,-0.2452940361433859,-0.2897191815261907,0,0,0,0.14796163069544369,0.08255798262993932,0,0,6,0,0.18946869098150662,0.7071067811865478,1.0,1.0,0.0,0.0,0.1280687054880601,-0.196333800632964,-0.32539532901046825,-0.29995230279309193,0.24891973641568554,-0.4750526893993636,-0.48514736986769724,-0.20409032807839833,0.7620290240979902,-1.4237954390051417,-0.7352166671722403,-0.1455358012664394,0.3975793906742042,-0.1827602708716205,0.04161900463120336,0.45286488698468846,0.18233241063906613,0.3467968273337401,0.4112073293172689,-0.09984214680347282,-2.838280766852196,0.7807794508414522,-0.2771044408673421,-0.28738897046433814,-0.32299375531761193,0.32843117579532954,1.3528677526056294,-1.049925063744477,-0.15339980554808547,0.0864614465032875,0.18994184990005453,0.38808971384377416,0.1276138362321673,-10.058981233243967,6,3,2,2,0,6_3_2_2_0,33
2025-06-30 01:00:00,0.03177469550851039,-0.31758637023002456,-0.43795122153037797,0.03126110124333926,-0.3314501684590925,-0.23814849270600344,-0.32145546510461676,0,0,0,0.03165467625899281,0.01860230481494409,1,0,6,0,0.3789373819630127,0.6830127018922195,1.0,1.0,0.0,0.0,0.06116464180980301,-0.1620846136174288,-0.3590245955170086,-0.40422681424743606,0.15725937128659384,-0.5294739747183065,-0.5130928398322667,-0.29746538581346504,0.8617760617760617,-1.4569538714758634,-0.8722516658649715,-0.10532391622016593,0.4285009674849185,-0.42225162676207545,0.10771104749302782,0.518348194146228,0.15501263689974737,0.19145820622330686,0.3567394578313252,0.22507234938174164,-3.2928262213976507,0.5305580159433128,-0.30777546318214816,-0.29168973513387736,-0.3341266273899154,0.0,1.4078616155942498,-0.9984039550771746,-0.31955276059659504,-0.19877465630603705,0.18385426131201163,0.51420469193091,-0.01700214969708814,-15.148123324396783,5,3,1,2,1,5_3_1_2_1,34
2025-06-30 02:00:00,-0.12894302070926345,-0.31758637023002456,-0.476738172565731,-0.016104203670811123,-0.3644555260105573,-0.2609904792066665,-0.3619623684015809,0,0,0,-0.016306954436450832,-0.009803518628528091,2,0,6,0,0.5554940947659454,0.6123724356957948,1.0,1.0,0.0,0.0,0.0,-0.3832172792085876,-0.3887108189123977,-0.462929450219547,0.08374743437398728,-0.6651312103563883,-0.5396824332704278,-0.3792146598733229,0.887232059645853,-1.4353515205179592,-0.9183310871421082,-0.019931807111544086,0.4665174336988275,-0.7912423467428304,0.15860482659263203,0.5855940915018499,0.0382717535202793,0.163758389261745,0.1969754016064256,0.35451197053407,-3.4137291280148427,0.54118689105403,-0.341208218918663,-0.32287830280271845,-0.3384288764387652,-0.25472220661309614,1.4005596122240946,-0.9566342916090858,-0.42213648869489667,-0.4388224745965332,-0.24972742140650553,0.6156741428203145,-0.3390658589017002,-18.741957104557642,4,3,1,1,2,4_3_1_1_2,35
2025-06-30 03:00:00,-0.2228455065893111,-0.31758637023002456,-0.5084917564800067,-0.026761397276495028,-0.38373955514175023,-0.2699867381880802,-0.38509280590923867,0,0,0,-0.02709832134292572,-0.016376729772395168,3,0,6,0,0.7071067811865482,0.5000000000000002,1.0,1.0,0.0,0.0,-0.01055718475073318,-0.4533271522046763,-0.40839870915206805,-0.4650126958741912,0.07405206870476383,-0.6953319273464291,-0.5652412923899963,-0.38702008285205874,0.8780189056051131,-1.4468936496760134,-0.863246678020405,0.09775694106186043,0.5217336317992691,-1.347956462934675,0.1680465470014641,0.6522163030964888,-0.009868816945480722,0.04539353264185477,0.1684864457831325,0.434622467771639,-3.1490414347557207,0.41541186891054,-0.3742148786415428,-0.3568752056102512,-0.36962820862697254,-0.3696767305392106,1.3255424493956605,-0.9379683515970181,-0.4609234397302497,-0.5870292887029289,-0.6146192985644194,0.3126063418406806,-0.5335808742101492,-20.483243967828418,4,3,1,1,3,4_3_1_1_3,36
2025-06-30 04:00:00,-0.24612901986398739,-0.3173791408863495,-0.44409507457437786,0.0014209591474245652,-0.3883001806891437,-0.30651610221492054,-0.3980961379629365,0,0,0,0.0014388489208633638,0.0008576791513578194,4,0,6,0,0.8234432871970682,0.353553390593274,1.0,1.0,0.0,0.0,0.04130708001675737,-0.1602892806401528,-0.4164405496760583,-0.3760293478108383,0.11772172410068053,-0.5166365907248796,-0.5687491410547345,-0.25925103744096717,0.8079882838503535,-1.4990037883689495,-0.7288291060158923,0.2287189478811496,0.6171542031844798,-2.0829362725259513,0.12280419714460475,0.7182986444079053,-0.020700445300276794,-0.003416717510677256,0.046749497991967794,0.3775322283609577,-2.754483611626469,0.34853852967227644,-0.39349966859198937,-0.39043882242495725,-0.4036368452314064,-0.38081094315691455,1.1436580748507355,-0.9574712419954454,-0.49267702364452537,-0.6430663478780634,-0.8399055060875886,0.305697344676463,-0.5562504071396001,-22.119302949061662,5,2,1,0,4,5_2_1_0_4,37
2025-06-30 05:00:00,-0.3422983824489953,-0.2982696349803132,-0.21431083345400384,0.13049141503848427,-0.3876768425952958,-0.415668731814493,-0.41916662312446845,0,0,0,0.1321342925659472,0.07422996672073598,5,0,6,0,0.8965754721680542,0.18301270189221944,1.0,1.0,0.0,0.0,0.17021365731043153,0.20062936679103271,-0.392473514937384,-0.06702159000042086,0.17894566274170898,-0.45119663651143244,-0.5281935165973365,-0.038547332013333865,0.7039275728930909,-1.4587569025303004,-0.5513366643410282,0.35445932781295647,0.7223634455109965,-2.748332936806482,0.03256682475004413,0.7833283619250933,0.007943194126850532,-0.014399023794997032,-0.0034513052208836052,0.21007629571165481,-2.670995670995671,0.34809565987599633,-0.3980604740712685,-0.4100490255077069,-0.4372120462973368,-0.3851137102535903,0.9914081840687345,-0.9563423321719836,-0.42828034173889656,-0.6889420203227734,-0.9250863165546066,-0.18638824439288476,0.03061689792195948,-22.959785522788202,6,1,3,0,5,6_1_3_0_5,38
2025-06-30 06:00:00,-0.5507741960272026,-0.18950383374285798,0.40282575867276227,0.3375962107756069,-0.3145332460133978,-0.6191781635359553,-0.38662247246162607,0,0,0,0.34184652278177463,0.17647628888121755,6,0,6,0,0.9215194985503841,1.7319121124709868e-16,1.0,1.0,0.0,0.0,0.27574361122748214,-0.049053541355396586,-0.30666382483379373,0.3674298219771895,0.24238414173058256,-0.4716888876955173,-0.41643174862820154,0.24339671957406692,0.5514312341898554,-1.1216603435889378,-0.3420826453921303,0.4983487579152464,0.8386766323936714,-3.4978944159106247,-0.1840980900147794,0.8429827956406091,0.13912624864604647,0.014643075045759645,-0.014746485943775242,0.1802157327019206,-0.2767470624613483,0.3963684676705049,-0.3974371113846542,-0.41468679039388906,-0.4568290177066444,-0.41631679925504333,0.7556221265264516,-0.8612414115265585,-0.19849610061852258,-0.5959055588762702,-0.9948210067236053,-0.6005155968032998,0.5705165787245131,-19.324396782841823,8,0,7,1,6,8_0_7_1_6,39
2025-06-30 07:00:00,-0.9029085180773812,0.04154948340685041,0.8371775511470594,0.2997039668442866,-0.14051934320679832,-0.6087171671186239,-0.24800589706102794,0,0,0,0.3034772182254197,0.15897639278753473,7,0,6,0,0.8965754721680542,-0.18301270189221913,1.0,1.0,0.0,0.0,0.32228739002932527,-0.35422403040560413,-0.11640584652462968,0.8307871441998798,0.2630171761909908,-0.5252041284264193,-0.23252695831140585,0.5293043506281933,0.339262415124484,-0.6892618528874163,-0.10969069007905743,0.657876278616659,0.8798674608895802,-3.4171989037118164,-0.5241978865880589,0.8980039590487439,0.34962089300758226,0.14765100671140932,0.015122991967871464,0.052617732175743226,0.48701298701298706,-0.111603188662533,-0.32429062904396677,-0.41405290903401293,-0.4614683832854414,-0.45032953095022116,0.33005679335954563,-0.4996399166942406,0.4186404915082435,-0.2639270771069934,-0.8533981464655642,-0.8562000515596804,0.7298547325907107,-13.723860589812332,8,0,8,3,7,8_0_8_3_7,40
2025-06-30 08:00:00,-1.0976678065086256,0.3625477367595252,1.152210339049668,0.2620485494375369,0.16170494804200825,-0.3803566833593951,0.0,0,0,0,0.2653477218225419,0.14108653151228356,8,0,6,0,0.8234432871970682,-0.3535533905932735,1.0,1.0,0.0,0.0,0.2253875157100962,0.020465378812257812,0.15946507961230846,1.0818848813882695,0.23098736091606362,-0.40734697373379364,0.0,0.7959096719216017,0.1287178804420185,-0.33697592829409656,0.13290807372129607,0.8275572333170972,0.976995358601763,-2.471238421316237,-0.841395173407368,0.9473934618997022,0.31110843663497423,0.36107382550335576,0.15192018072289143,0.0,0.7912801484230058,-1.3250664304694415,-0.15026986080863555,-0.33967214693209447,-0.46083428314577884,-0.48390877491551004,0.0,0.2500145979718551,0.8529922839825407,0.6276748356246264,-0.34876431037615846,-0.9528744521783965,0.8580548498469155,-5.7479892761394105,7,1,9,4,8,7_1_9_4_8,41
2025-06-30 09:00:00,-1.1993314634802321,0.6826208591136504,1.1433565710266647,0.0637063351095322,0.4820612765017319,0.025702183250529483,0.297860136411078,0,0,0,0.06450839328537164,0.03734103887523753,9,0,6,0,0.7071067811865482,-0.49999999999999983,1.0,1.0,0.0,0.0,0.07017176372015092,0.33089193370687203,0.45276682488024683,1.1697248993448652,0.08601598790104789,0.000923472878365226,0.26834790886632626,1.0152527990318405,-0.04537345227000407,-0.15909753135054414,0.3708512270270973,0.9885314174378961,1.2008321634986279,0.7783909863509619,-1.0878568469476726,0.9906940168074682,0.27283668311469494,0.32202562538133006,0.37142319277108427,-0.011838989739542302,0.9795918367346937,-3.341452612931797,0.15196635419625668,-0.16271493793579345,-0.38642784903600724,-0.5035281084682631,-0.1489525473798082,0.965315218872258,1.1680250718851493,1.2552002390914525,1.006541886243867,-1.0320185614849189,0.4751481988144095,-2.8726541554959786,6,5,9,5,9,6_5_9_5_9,42
2025-06-30 10:00:00,-1.2407499903945902,0.90103318629918,1.0962330113154466,-0.13901716992303131,0.706407757797644,0.32964509807802694,0.5174840008903161,0,0,0,-0.14076738609112702,-0.09016948199515114,10,0,6,0,0.5554940947659454,-0.6123724356957945,1.0,1.0,0.0,0.0,-0.2012568077084206,0.7003707165646896,0.7000226800123511,1.1360703112944182,-0.17284217349033143,0.3106013735779217,0.5414908273025597,1.1220116508469593,-0.10962588203967492,-0.1625907502547648,0.5891319012600337,1.1449050170482227,1.3466251849603519,1.9741329806855117,-1.2554643879576353,1.031191683532477,0.07124804428932485,0.283221476510067,0.33126255020080314,0.019468560905025047,0.8453927025355599,-3.429583702391496,0.472335321781397,0.14462123582793732,-0.20940956447754963,-0.5081680326881859,-0.16337972497867648,1.47307160791794,1.159171303862146,1.7103407053197848,1.9604306741777213,-0.871513276617685,0.46641912578985084,0.5093833780160858,3,6,9,6,10,3_6_9_6_10,43
2025-06-30 11:00:00,-1.2469742959234642,1.0609994375203529,1.0529571171469354,-0.5051509769094139,0.8756716665220101,0.5626571128837513,0.6882578847798387,0,0,0,-0.5115107913669065,-0.41860776844889963,11,0,6,0,0.37893738196301285,-0.6830127018922192,1.0,1.0,0.0,0.0,-0.5059069962295769,0.8753309982331797,0.8694833602487697,1.0941178121010624,-0.447607216160743,0.40756100240072785,0.7824128233405174,1.1507628189750545,-0.12562907735321505,-0.17241212872883047,0.7724774405842698,1.2907696054554316,1.4013481554552234,2.16071361126045,-1.3661248137316144,1.0612407648901898,-0.1347935973041279,0.07882855399633915,0.29135291164658617,0.16285188108392523,0.45176252319109467,-3.4410983170947733,0.6966906542941009,0.47039613573084915,0.09803268425023678,-0.5075338561944593,-0.16895504379121679,1.7916577456838663,1.1120477441509278,1.6975493126120742,2.652280574232237,-0.2987883475122454,-0.15529932903393917,0.510053619302949,2,6,9,7,11,2_6_9_7_11,44
2025-06-30 12:00:00,-1.2440542513543629,1.1502190710204565,1.01963136881736,-0.7973949082297217,0.9713895705279437,0.6986599631836267,0.7889766096358688,0,0,0,-0.8074340527577938,-0.9201442561496408,12,0,6,0,0.1894686909815067,-0.7071067811865475,1.0,1.0,0.0,0.0,-0.7769166317553414,0.357764426527171,0.968980301179634,1.0626025840663271,-0.6876147780058331,0.19248356443355746,0.9467269576410091,1.1054734633521066,-0.14008787112235369,-0.18882839199643905,0.9050301682982249,1.4209011203117394,1.4013481554552234,2.16071361126045,-1.3661248137316144,1.0612407648901898,-0.506920207004453,-0.13007931665649783,0.08113704819277094,0.3929229150223626,0.38157081014223887,-3.668733392382639,0.865961241044093,0.6985372585834757,0.4239200231165621,-0.433118462563518,-0.2093865068963365,1.9139108939797964,1.0687718499824166,1.6294680215182307,2.6328366345629655,1.2393915957721062,-0.6785225718194254,0.9979892761394102,2,7,9,7,12,2_7_9_7_12,45
2025-06-30 13:00:00,-1.2354478042033272,1.1694988010302259,1.003289133447798,-0.9050325636471285,0.9937113865721928,0.7344767522416421,0.8154277018942443,0,0,0,-0.9164268585131895,-1.2976500849374097,13,0,6,0,5.689177632308852e-16,-0.6830127018922193,1.0,1.0,0.0,0.0,-0.8777963971512357,-0.2425940418786681,0.9896218449506916,1.0075333529733597,-0.773414713190018,-0.056391652807217946,1.0160844833423277,1.0494570218372818,-0.1531087737984292,-0.21440065635526076,0.962612110943068,1.4894057476863132,1.4013481554552234,2.16071361126045,-1.3661248137316144,1.0612407648901898,-0.8039475267781923,-0.5073825503355706,-0.13372238955823293,0.350828729281768,0.08163265306122451,-4.319751992914082,0.9616829214405201,0.8706641311412272,0.65213988730676,-0.2560788626566376,-0.25345856997233146,2.016816863577087,1.0354461016528413,1.5669456066945606,2.5293476285662364,2.321990203660737,-1.0015634160641,-0.48994638069705093,2,8,9,8,13,2_8_9_8_13,46
2025-06-30 14:00:00,-1.2279171629461714,1.1132360342224459,0.8905483957717052,-0.7902901124925993,0.9352754128628578,0.7151184655885672,0.7957142890225681,0,0,0,-0.8002398081534773,-0.9017144123676871,14,0,6,0,-0.1765567128029319,-0.6123724356957946,1.0,1.0,0.0,0.0,-0.7062421449518224,0.8095895596258023,0.9332415202712857,0.9397472048033897,-0.7576158582694175,0.0,0.9962860044715431,0.997293165242236,0.025935294900812176,0.3101287446747432,0.9345888892259381,1.5016025328787148,1.4013481554552234,2.16071361126045,-1.3661248137316144,1.0612407648901898,-0.9133469731616317,-0.8085417937766931,-0.5217745983935744,0.30899763220205206,-0.04205318491032776,-4.492914083259521,0.9840056181548464,0.9680010270482793,0.8243261682693079,0.05140040619405801,-0.29696894048139133,2.0031531619207037,1.0191038662832792,1.5187985654512852,2.4343085589678357,3.1071925754060326,-1.1237052960719172,-3.8036193029490617,2,7,8,7,14,2_7_8_7_14,47
2025-06-30 15:00:00,-1.2236139393706535,0.993575890346073,0.8197182515876792,-0.31249259917110717,0.8085878630549879,0.5901011460580748,0.6937379097441566,0,0,0,-0.3164268585131894,-0.22470394566061422,15,0,6,0,-0.3281693992235347,-0.5000000000000001,1.0,1.0,0.0,0.0,-0.41072475911185585,1.029926130046478,0.8014651834485095,0.8690711670384244,-0.6273090634114722,0.2521156696900428,0.8817337118837799,0.969261671434658,0.5064305684995345,1.815101910705433,0.8219268709472861,1.4694715051144667,1.4013481554552234,2.16071361126045,-1.3661248137316144,1.0612407648901898,-0.7967264412083281,-0.919463087248322,-0.8315135542168676,0.08866087871612727,-0.06988249845392719,-4.113817537643932,0.9255673389514881,0.9907003987835897,0.9216966593357199,0.3773269862166957,-0.3223907299923027,1.8627790645619635,0.9063631286071865,1.4951882845188285,2.3611212066145737,3.0851250322248003,-1.2236987818383167,-5.804959785522788,3,7,7,7,15,3_7_7_7_15,48
2025-06-30 16:00:00,-1.2223076036423715,0.8100521033778383,0.7948532301772823,-0.06974541148608644,0.6131989868783386,0.3569208843847113,0.5069406350048624,0,0,0,-0.07062350119904078,-0.04361349300273785,16,0,6,0,-0.4445059052340546,-0.35355339059327395,1.0,1.0,0.0,0.0,-0.1077084206116465,0.29427111659667826,0.5940578367640267,0.8692254815313611,-0.3816571243383382,0.41191944348474896,0.6754008131907175,0.9632142588607661,0.8834243110105181,2.329889375615173,0.6483533468249257,1.4185289819775944,1.4013481554552234,2.16071361126045,-1.3661248137316144,1.0612407648901898,-0.31110843663497406,-0.8012202562538132,-0.9455948795180722,-0.13654301499605362,0.0037105751391467087,-3.548715677590787,0.7988747908973266,0.9312760272488747,0.9444038656028767,0.6055743311043501,-0.3284029208013481,1.522432216750686,0.8355329844231605,1.3323072325164376,2.32523169180447,2.9676720804331014,-1.0209106898573383,-6.0382037533512065,4,6,7,6,16,4_6_7_6_16,49
2025-06-30 17:00:00,-1.2277634763899028,0.5514446845673348,0.8910034959971866,0.0661930136175252,0.33637375036492895,-0.036301735911799055,0.21146555225658764,0,0,0,0.06702637889688252,0.038754305184273884,17,0,6,0,-0.5176380902050411,-0.18301270189221913,1.0,1.0,0.0,0.0,0.10180142438206946,0.22823030733614577,0.3140334625820784,0.9251644852208806,0.07470022685535291,0.8470259979793361,0.4019645963711447,0.9523940807682248,1.1027027027027034,2.3775926088995503,0.4450087608680263,1.3521626887481737,1.4013481554552234,2.16071361126045,-1.3661248137316144,1.0612407648901898,-0.06438801299795395,-0.3088468578401464,-0.8239834337349397,-0.5432780847145489,0.34075448361162636,-3.4291408325952157,0.6034782059779693,0.8024456587150663,0.8849589841555231,0.7777813455780238,-0.3275811853793505,1.2375381980263542,0.8106679630127634,1.229976090854752,2.077639469380338,2.8598092291827792,-0.2973096215230278,0.0,6,4,8,5,17,6_4_8_5_17,50
2025-06-30 18:00:00,-1.214661697468014,0.23340685041001805,0.984692083324714,0.27969212551805805,0.0,-0.5030383404920726,-0.12877762253183522,0,0,0,0.28321342925659476,0.14953267680708282,18,0,6,0,-0.5425821165873708,0.0,1.0,1.0,0.0,0.0,0.5142019271051529,1.774376712748871,0.0,0.9746433230924625,0.8020416981743548,1.9063076233499752,0.10693323858398886,0.9504463054927975,1.1027027027027034,2.3775926088995503,0.4450087608680263,1.3521626887481737,1.4013481554552234,2.16071361126045,-1.3661248137316144,1.0612407648901898,0.07377542423877734,-0.058694325808419795,-0.31758283132530124,-0.8679294922388846,0.8815708101422389,0.0,0.32664204778587885,0.6037519357452921,0.7560841507071421,0.8751635613425276,-0.23115729472217023,0.7963290966775016,0.9068182288326679,1.1940526001195457,1.9220879520261676,2.7767465841711783,1.6460816884893492,5.554959785522788,8,1,8,4,18,8_1_8_4_18,51
2025-06-30 19:00:00,-1.1428132324124947,-0.05581870392847627,0.9407749115657517,1.0959147424511544,-0.2935922422023561,-0.8502800815502465,-0.4064662971186898,0,0,0,1.1097122302158273,0.45142588188499355,19,0,6,0,-0.5176380902050411,0.18301270189221913,1.0,1.0,0.0,0.0,1.339463762044407,3.985810065597682,-0.2736111224966594,0.9706732320469118,1.2702009290266825,1.8683874050471647,-0.163814689053434,0.9315700715735803,1.1027027027027034,2.3775926088995503,0.4450087608680263,1.3521626887481737,1.4013481554552234,2.16071361126045,-1.3661248137316144,1.0612407648901898,0.2907690456131906,0.08139109212934718,-0.060303714859437835,-0.987503288608261,0.7826221397649971,1.0938883968113373,-0.00974497364517249,0.3222444214428424,0.557321849967091,0.897873501858378,-0.0017578897002225966,0.0,1.0005068161601953,1.332964734010759,1.8674813737961111,2.7360144367104926,3.013875317568888,7.194369973190349,9,0,8,0,19,9_0_8_0_19,52
2025-06-30 20:00:00,-0.99185461251777,-0.23507208620740697,0.8792950083779815,2.3988158673771465,-0.45369544805384376,-1.0216840521763226,-0.5586244945490587,0,0,0,2.429016786570744,0.7496631609776186,20,0,6,0,-0.44450590523405475,0.353553390593274,1.0,1.0,0.0,0.0,1.856179304566401,2.228972358683974,-0.4350135670194365,0.8777548644136755,1.4768013395268444,1.542999889560437,-0.37994878172231517,0.8861661409344307,1.1027027027027034,2.3775926088995503,0.4450087608680263,1.3521626887481737,1.4013481554552234,2.16071361126045,-1.3661248137316144,1.0612407648901898,1.1203514261644,0.3014032946918853,0.08377259036144574,-0.860036832412523,0.6842918985776129,1.5296722763507529,-0.3033487990404949,-0.01981882226448098,0.2757171752845424,0.8384214624591598,0.3966589693981568,-0.617610993246005,0.956589644401233,1.468320382546324,2.078638924223151,2.4550141789120907,4.005927952576379,8.513404825737265,9,0,8,0,20,9_0_8_0_20,53
2025-06-30 21:00:00,-0.664386982748684,-0.3097486604103141,0.7106596884632093,1.740201302545885,-0.46605963530776334,-0.9565131331525504,-0.5643784387341239,0,0,0,1.7621103117505992,0.6165549183666312,21,0,6,0,-0.3281693992235351,0.5000000000000001,1.0,1.0,0.0,0.0,1.7642647674905745,2.7891984367592695,-0.4733646481455674,0.7393277499544073,1.4768013395268444,1.542999889560437,-0.37994878172231517,0.8861661409344307,1.1027027027027034,2.3775926088995503,0.4450087608680263,1.3521626887481737,1.4013481554552234,2.16071361126045,-1.3661248137316144,1.0612407648901898,2.444578168251294,1.1425259304453934,0.31005271084337344,-0.32925545908971326,0.16635745207173766,1.7993799822852075,-0.46345832149733296,-0.3183769427661299,-0.06646412919589681,0.7095311107721701,0.8189789677338826,-0.8963349358662437,0.8951097412134627,1.4048714883442917,2.284390332545884,2.2784738334622325,3.978047032766595,4.57372654155496,9,0,7,0,21,9_0_7_0_21,54
2025-06-30 22:00:00,-0.3238175740577093,-0.3174531513662335,0.5325293229349827,0.8361160449970396,-0.4043333833055856,-0.7938678965182795,-0.49198874231416373,0,0,0,0.8466426858513189,0.3701537469772172,22,0,6,0,-0.17655671280293242,0.6123724356957946,1.0,1.0,0.0,0.0,1.7642647674905745,2.7891984367592695,-0.4733646481455674,0.7393277499544073,1.4768013395268444,1.542999889560437,-0.37994878172231517,0.8861661409344307,1.1027027027027034,2.3775926088995503,0.4450087608680263,1.3521626887481737,1.4013481554552234,2.16071361126045,-1.3661248137316144,1.0612407648901898,1.7751835359249006,2.4851738865161686,1.175138052208835,-0.05958958168902922,-0.36301793444650576,1.6071744906997343,-0.4758229965596692,-0.481188166478107,-0.3651252949769637,0.5107448764158592,1.1147309076535814,-0.9233314518169609,0.7264744212986906,1.3160490137477585,2.1879429402144286,2.216499097705594,3.8296527913490976,4.483914209115282,9,0,7,0,22,9_0_7_0_22,55
